extensions.joomla.org,0,0,1,0
picasaweb.google.com,3,2,1,0
www.dbschenker.si,0,0,1,0
www.joc.or.jp,0,0,1,0
www.hoo.hr,152,111,434,14
www.yahoo.com,21,11,4,9
comiteolimpicoportugal.pt,1155,517,1201,118
de.fifa.com,4,0,13,0
www.marriott.pt,0,0,1,0
topbar.idrottonline.se,0,0,1,0
www.lebolymp.org,10,2,2,0
www.snpc.org.sg,148,66,100,33
www.olympic.org.bb,183,91,52,16
www.dbschenker.pe,1,0,1,0
cpisra.org,0,0,1,1
www.dbschenker.se,0,0,5,0
www.olympic.kz,24,8,194,3
olimpiade.lv,4,4,15,0
ssoi-pgz.hr,0,0,2,0
www.iaaf.org,73,50,45,8
www.marocolympique.org,404,156,530,52
fie.org,3,5,8,3
www.dbschenker.fr,1,0,0,0
www.zimparalympic.org,101,52,90,11
www.cok.me,0,0,5,0
www.hkparalympic.org,74,29,41,21
www.dhif.dk,5414,2960,4684,880
www.ttoc.org,5935,2039,2442,754
www.dbschenker.com.ua,0,0,1,0
www.bmlvs.gv.at,1,0,2,0
fedcopan.org,118,48,59,14
www.fifa.com,37,3,15,4
zoc.co.zw,41,18,25,3
www.isuresults.com,5,1,0,0
www.siu.fi,0,5,3,0
www.uaenoc.net,34,2,17,1
www.sport.fi,33,55,176,25
www.napotidoria.si,0,1,1,0
www.zveza-gns.si,0,1,3,0
blogolympique.swissolympic.ch,2,6,2,0
www.ijf.org,0,1,0,1
www.paralympics.uz,1,0,0,0
cpsf.france-paralympique.fr,1,0,1,0
www.paralympisch.nl,914,543,950,215
www.dbschenker.cl,0,0,1,0
www.ecuadorparalimpico.org,61,17,42,0
webfeed.swissolympic.ch,0,0,1,0
www.rio2016.com,5,0,1,0
www.olympic.ir,243,20,153,29
www.wilhelmsen.com,3,0,3,0
vine.co,2,1,0,0
en.gravatar.com,1,0,3,0
www.specialolympics.se,16,13,20,2
www.paralympic.cz,1520,1048,5429,278
www.paralympic.org,3489,1487,2202,402
hpo.hr,0,0,1,0
www.stroeck.at,0,0,1,0
media.vara.nl,2,0,0,0
www.antidoping.ch,0,1,7,0
www.united-domains.de,5,1,8,0
www.swissolympic.ch,875,510,3206,83
www.nursit.com,1,0,1,0
www.wko.at,2,0,8,0
noc-ukr.org,85,125,85,3
www.dbschenker.ee,0,0,1,0
www.coe.org.ec,14,9,6,0
www.olimpiyat.org.tr,1673,580,3518,260
www.expressglobal.com.bo,0,2,1,0
olympiclao.org,1,0,2,0
antiguaolympiccommittee.com,38,20,13,2
www.eteamz.com,68,61,56,9
iaba.ie,29,9,14,5
www.paralympic.org.au,3137,1607,1073,414
www.comite-olympique.mc,194,75,96,10
www.singaporeolympics.com,2607,1224,1101,620
www.comitatoparalimpico.it,175,96,103,19
www.paralympic.ca,782,369,312,98
www.dbschenker.co.za,2,0,3,1
hasosi.hr,2,2,8,0
eventprofil.swissolympic.ch,0,0,1,0
www.olympiclao.org,19,3,93,5
en.wikipedia.org,9,3,1,0
www.athleticsireland.ie,13,15,9,3
www.nocz.co.zm,365,67,313,45
www.acnolympic.org,2,1,2,0
www.dbschenker.no,0,0,1,0
paralympic.ca,49,33,17,7
nocpakistan.org,5,0,2,0
www.paralympics.org.nz,569,299,164,75
spv.sk,1191,632,2653,190
www.bruneiolympic.org,233,40,323,44
www.hellenicboxing.org.gr,0,0,1,0
www.fig-gymnastics.com,2,5,8,0
www.npc.org.ro,517,236,897,51
www.parasport.se,899,522,782,55
www.dbschenker.com.pa,1,0,1,0
specialolympics.se,0,0,1,0
contrib.spip.net,5,2,5,0
www.nocmaldives.org,224,35,150,28
english.koreanpc.kr,1032,526,679,294
www.namparalympics.org,131,77,95,7
www.fivb.com,0,0,0,1
www.dbschenker.mk,0,0,3,0
www.olympic.cn,137,32,36,18
www.omegawatches.com,1,0,1,1
www.africaolympic.net,9,2,9,0
unitedworldwrestling.org,8,4,6,0
www.coparesa.org,102,34,53,6
plus.google.com,6,7,7,2
www.dbschenker.by,1,0,4,0
www.sportministerium.at,4,0,18,0
www.nocnsf.nl,3096,2151,3582,875
www.olympic.one.co.il,81,12,17,10
www.samoacyg2015.ws,1,0,1,0
www.coarg.org.ar,74,25,16,10
www.ibsa.es,27,5,11,1
olympicrwanda.org,47,14,75,4
www.facebook.com,2,0,4,1
www.swimireland.ie,6,0,3,2
pt.wikipedia.org,115,41,173,10
www.marriott.fr,0,0,3,0
www.paralympic.kz,22,6,90,20
olympic.ph,290,70,63,16
www.voc.org.vn,23,14,55,16
www.prensa.com,10,1,4,0
olympics.ie,5,0,0,0
web.resource.org,9,0,2,1
www.forwardair.net,0,0,1,0
www.paralympics.se,320,138,245,19
www.oks.org.rs,399,330,1356,50
www.ge.com,1,0,0,0
www.erima.eu,11,0,19,1
hg10.giatamedia.de,0,0,1,0
www.olympic.cz,1619,802,1785,380
www.dbschenker.com.ar,0,0,1,0
spikes.iaaf.org,17,11,3,1
vimeo.com,2,0,0,0
www.dosb.de,41,18,208,4
bhutanolympiccommittee.org,22,16,61,14
www.zsis.si,1490,1135,3889,229
www.copur.pr,1216,682,824,126
ro.dbcargo.com,1,1,2,0
www.youtube.com,3419,1660,2071,434
www.iihf.com,9,0,1,1
www.bgolympic.org,0,0,3,0
www.handisport.org,0,0,2,1
www.marriott.com.br,0,0,1,0
www.hill-delamain.co.zm,1,1,2,0
www.toronto2015.org,3,1,3,0
www.auditpartner.at,1,0,6,0
issuu.com,0,0,1,0
www.cyclingireland.ie,1,0,4,1
www.swissolympicteam.ch,7,5,11,0
olympiablog.swissolympic.ch,65,36,233,13
www.paralympic.org.np,29,19,65,7
it.dbcargo.com,0,0,1,0
olympic.org.my,3,1,0,0
www.hoganlovells.com,4,0,5,0
support.microsoft.com,0,0,1,0
www.ltok.lt,208,188,571,25
www.volksgezondheidenzorg.info,10,14,42,1
www.tribunalarbitraldesporto.pt,0,1,0,0
handbuch.swissolympic.ch,5,1,9,0
www.hparalimpia.hu,67,28,491,11
cxcskiing.wufoo.com,2,0,0,0
www.dbschenker.dk,0,0,3,0
impresa.prensa.com,12,0,17,3
www.nigerianoc.org,124,35,107,18
www.sascoc.co.za,4125,2165,2631,615
www.mob.hu,416,172,2539,76
www.belta.by,0,0,1,0
www.blogger.com,0,1,0,0
www.feddf.es,108,26,79,10
www.vitf.org,1,0,0,0
www.egyptianolympic.org,2,0,1,0
www.horsesportireland.ie,6,5,4,0
sportjobs2.swissolympic.ch,0,0,1,0
www.dbschenker.com.ve,1,0,1,0
www.alkamalshipping.com,0,0,1,0
delicious.com,2,0,1,0
www.paralympic.be,188,57,224,54
olympia.1kcloud.com,9,5,7,2
www.gc2018.com,0,0,1,0
www.paralympic.sm,216,140,232,33
www.mcdonalds.com,0,0,1,0
www.comiteparalimpicoportugal.pt,40,9,52,1
www.dbschenker.gt,0,0,1,0
www.joc.jo,240,52,89,17
all,0,0,0,0
www.bahamasolympiccommittee.org,97,38,24,7
www.comiteolimpicostp.org,38,10,100,10
player.vimeo.com,2,0,0,0
laatjesportclubnietinzijnhemdstaan.nocnsf.nl,2,0,4,0
www.deporte.gob.mx,1,1,1,0
www.fina.org,4,0,0,1
apg2014.hkparalympic.org,1,0,2,1
www.olimpiyatkomitesi.org.tr,428,158,986,48
www.muenzeoesterreich.at,1,1,6,0
www.marriott.it,0,0,1,0
paralympics.org.uk,3206,1776,1134,478
www.olympics.ie,2461,1205,1004,351
www.w3.org,7,0,4,0
www.nocban.org,6,2,8,0
www.noc.by,360,273,515,28
sdsc.org.sg,0,1,1,0
www.paralymp.ru,540,286,920,53
hep.hr,0,1,4,0
myspace.com,38,23,6,4
www.botswananoc.org,0,0,2,0
www.fiba.com,94,40,25,18
cohonduras.com,225,84,86,9
www.olympic.li,493,280,1165,33
www.lotterien.at,3,1,19,1
www.eok.ee,184,81,135,20
www.tunisiaparalympic.org,25,4,22,4
dk.dbcargo.com,0,0,3,0
iamteamgb.com,0,0,1,0
www.doppelmayr.com,0,0,5,0
www.specialolympics.org,2,6,1,0
www.noc-aze.org,94,50,204,12
www.roc.ru,522,117,260,57
www.atlas.hr,6,0,28,0
www.olympic.ind.in,25,19,38,6
demedicina.com,0,0,1,0
www.cdpf.org.cn,109,46,117,50
teambelgium.be,106,36,52,7
comiteparalimpicocolombiano.org,166,49,100,9
www.lenzproducts.com,2,0,7,0
frmt.ma,1,0,1,0
olympia.at,6,5,3,0
www.mynewsdesk.com,6,3,8,2
www.shif.se,76,47,83,1
www.isb.fo,83,98,240,26
paralimpicos.es,1,1,0,0
wordpress.com,1,0,0,0
sok.se,2,2,5,0
doc.dm,1,0,0,0
eviapp.swissolympic.ch,0,0,1,0
www.pyeongchang2018.com,0,0,0,1
www.stiegl.at,4,1,24,0
www.copanama.com,3874,1547,2245,382
atos.net,0,0,1,0
squarespace.com,1,0,2,0
es.fifa.com,1,1,2,0
www.nocindonesia.or.id,21,10,142,4
www.olympic.uz,241,77,595,40
www.ipiaget.org,0,0,1,0
www.dbschenker.bg,0,0,2,0
www.hpo.hr,228,135,613,29
www.dbs-npc.de,3210,1879,9033,358
www.vietentours.com,1,1,14,0
www.paralympic.ir,35,9,35,9
www.coch.cl,1489,1697,474,276
www.paralympic.az,33,10,105,3
www.olympic.org.nz,1850,1252,507,273
www.triathlonireland.com,10,1,0,2
www.sglogistics-bd.com,0,0,1,0
olympic.ca,121,134,32,19
www.marriott.co.uk,1,0,0,0
www.latam.dbschenker.com,1,1,2,0
nocbar-infoshare.amo-sport.com,0,0,0,1
nocmalta.org,144,45,238,8
www.moc.org.mw,81,38,83,7
www.dbschenker.co.ao,0,0,2,0
www.paralympics.lu,171,41,157,30
www.visitfinland.com,0,1,3,0
www.cog.org.gt,31,12,11,0
iof2.idrottonline.se,0,0,1,0
www.gapgroup.com,0,0,1,0
www.tas-cas.org,1,1,2,1
www.marriott.com.au,1,0,0,0
www.netlivery.net,1,1,2,0
www.dbschenker.sk,0,0,1,0
www.dbschenker.de,1,0,0,0
hu.dbcargo.com,0,0,3,0
www.ifsgroup.com,1,0,0,0
www.jeux.francophonie.org,1,0,3,0
www.hoc.gr,16,3,26,1
www.marriott.de,0,0,15,0
swissolympicteam.ch,0,0,7,0
www.pngolympic.org,176,73,101,13
www.comiteparalimpicopanama.org,12,3,7,2
www.dbschenker.at,2,0,5,0
samoa2015.thecgf.com,2,0,1,0
dosb-newsletter.yum.de,0,0,6,0
www.cosr.ro,2076,1926,2518,186
congresso.comiteolimpicoportugal.pt,11,3,7,0
www.fei.org,17,16,0,4
www.camerounparalympique.org,16,11,11,5
www.tpenoc.net,2,2,0,0
www.paralimpico.cl,823,355,439,55
www.olympic.org,2,0,1,0
slunoc.org,52,37,9,3
harborcenter.sportngin.com,1,0,0,0
www.olympic.sk,2481,1667,4957,423
www.transglory.com,0,0,1,0
www.jamaicaparalympic.com,118,29,35,18
www.photocrati.com,3,0,1,0
www.coperu.org,45,13,45,5
www.hkmarathon.com,0,0,0,1
nonstanford.blogspot.co.uk,4,3,0,2
nema.swissolympic.ch,0,0,1,0
veracruz2014.mx,0,1,1,0
www.fsrim.org.mk,9,4,11,0
www.teamesa.org,517,346,293,46
www.olympic.qa,6697,1038,2488,668
www.olympic.is,376,387,2092,41
www.coca-cola.com,0,0,1,0
arko.onlinetouch.nl,0,0,1,0
www.olympia.at,1767,996,3134,161
www.paralympic.ly,8,0,0,3
www.npcindonesia.org,9,3,31,2
www.cou.org.uy,146,21,26,0
www.olympic.org.cy,130,46,87,13
www.salesforce.com,1,0,3,0
nexe.hr,0,0,1,0
www.conshiponline.com,0,0,1,0
login.sportngin.com,1,0,0,0
www.cijm.org.gr,1,0,0,0
www.wada-ama.org,2,0,1,0
oksis.oks.org.rs,0,1,8,0
www.coalgerie.com,17,0,13,0
www.lpkomiteja.lv,186,167,1032,22
www.olimpijski.pl,6262,4549,19751,858
www.marriott.com.tr,0,0,2,0
www.hkolympic.org,98,40,63,31
deporte.org.mx,56,25,57,9
www.worldtaekwondofederation.net,0,1,2,2
www.marriott.com,1,0,0,0
eventcalendar.olympic.qa,2,0,0,2
isai.ie,5,0,1,0
www.olympics.bm,140,112,31,23
www.coe.es,8,6,6,1
www.teamusa.org,1,3,1,0
coniservizi.coni.it,4,3,3,0
www.wienerstaedtische.at,0,1,19,0
shop.teamgb.com,1,1,0,0
www.dbschenker.ba,0,0,5,0
www.com.org.mx,28,17,26,5
www.swissparalympic.ch,826,464,2224,80
www.nadaciasov.sk,27,17,45,5
net.hr,6,3,17,1
www.lbv.li,19,24,113,5
www.coolandclean.ch,0,0,2,0
www.frmse.ma,2,0,2,0
www.virginislandsolympics.org,524,210,90,86
www.oepc.at,805,344,1958,67
www.npcrwanda.com,29,21,116,6
www.frmnatation.com,0,0,3,0
flashfreight.com,0,0,1,0
www.dbcargo.com,1,0,7,0
www.cons.sm,1177,527,721,128
www.teamgb.com,4384,2584,1580,694
www.paralimpicos.es,1858,741,1291,229
www.dbschenker.com.cn,2,0,2,0
www.paralympic.ee,100,87,126,9
www.paralympics.ie,674,328,328,104
www.france-paralympique.fr,1,0,1,0
www.moroccanathletics.com,5,1,6,0
www.deafsport.dk,0,0,1,0
usa.visa.com,1,0,0,0
www.ifsport.is,381,353,1307,63
www.bmw.at,0,0,4,0
www.teamdanmark.dk,6,2,3,0
on-sport.dk,1,0,0,0
france-paralympique.fr,1,0,1,0
www.sportsfest.uk.com,0,0,0,1
www.kosad.or.kr,109,49,109,30
www.dbschenker.rs,0,0,2,0
www.tmpk.org.tr,829,310,1549,160
www.bcclogistics.com,0,0,1,0
www.olympic.si,225,175,528,27
www.coni.it,120,30,57,9
www.dbschenker.ro,0,0,2,1
nl.dbcargo.com,1,0,1,0
www.idrettsforbundet.no,373,368,908,35
www.concrc.org,32,14,11,3
wp.nif.no,0,0,3,0
www.erima.de,2,0,4,0
virginislandspace.org,6,4,1,0
www.sknoc.org,55,13,14,6
www.dbschenker.com,1,1,2,1
www.dbschenker.be,0,0,1,0
www.pordata.pt,1,0,0,0
teamletzebuerg.lu,31,10,13,3
fr.fifa.com,5,1,6,0
paralympics.se,3,1,3,0
www.racetecresults.com,0,3,1,1
www.keylogistics.co.zw,3,2,1,1
www.dbschenker.it,0,0,3,0
voc.org.vn,89,19,122,29
www.ihf.info,14,2,7,0
www.paralympic.rs,72,18,164,9
soundcloud.com,1,0,0,0
www.transfesa.com,0,1,1,0
